{"web":{"client_id":"775358139434-v3h256aimo98rno1colkjevmqo6966kp.apps.googleusercontent.com","project_id":"api-8356061343026627546-540728","auth_uri":"https://accounts.google.com/o/oauth2/auth","token_uri":"https://accounts.google.com/o/oauth2/token","auth_provider_x509_cert_url":"https://www.googleapis.com/oauth2/v1/certs","client_secret":"pa0q32nm5O6ATgyWJ9W-ZhQT","redirect_uris":["http://testapi.tianyouxi.com/index.php?s=/Google/oauth2callback"],"javascript_origins":["http://testapi.tianyouxi.com"]}}